<?xml version="1.0" encoding="UTF-8"?>
<suppressions xmlns="https://jeremylong.github.io/DependencyCheck/dependency-suppression.1.3.xsd">
    <suppress>
        <notes><![CDATA[
   file name: spring-data-rest-hal-explorer-3.3.7.RELEASE.jar: main-es2015.09d7cb1c9fae02557d8f.js
   ]]></notes>
        <packageUrl regex="true">^pkg:javascript/jquery@.*$</packageUrl>
        <cve>CVE-2020-11022</cve>
    </suppress>
    <suppress>
        <notes><![CDATA[
   file name: spring-data-rest-hal-explorer-3.3.7.RELEASE.jar: main-es5.09d7cb1c9fae02557d8f.js
   ]]></notes>
        <packageUrl regex="true">^pkg:javascript/jquery@.*$</packageUrl>
        <cve>CVE-2020-11023</cve>
    </suppress>
    <suppress>
        <notes><![CDATA[
   file name: spring-security-crypto-5.3.8.RELEASE.jar
   ]]></notes>
        <packageUrl regex="true">^pkg:maven/org\.springframework\.security/spring\-security\-crypto@.*$</packageUrl>
        <cve>CVE-2018-1258</cve>
    </suppress>
    <suppress>
        <notes><![CDATA[
   file name: mxparser-1.2.1.jar
   ]]></notes>
        <packageUrl regex="true">^pkg:maven/io\.github\.x\-stream/mxparser@.*$</packageUrl>
        <cpe>cpe:/a:xstream_project:xstream</cpe>
    </suppress>
    <suppress>
        <notes><![CDATA[
   file name: mxparser-1.2.1.jar
   ]]></notes>
        <packageUrl regex="true">^pkg:maven/io\.github\.x\-stream/mxparser@.*$</packageUrl>
        <cpe>cpe:/a:oracle:jdk</cpe>
    </suppress>
</suppressions>